<keymap version="1" name="Eclipse copy" parent="Eclipse">
  <action id="$EditorTranslateAction">
    <keyboard-shortcut first-keystroke="ctrl o" />
  </action>
  <action id="CodeCompletion">
    <keyboard-shortcut first-keystroke="alt slash" />
  </action>
  <action id="CollapseSelection">
    <keyboard-shortcut first-keystroke="ctrl comma" />
  </action>
  <action id="Editor EditorTranslateAction">
    <keyboard-shortcut first-keystroke="ctrl o" />
  </action>
  <action id="GotoDeclaration">
    <keyboard-shortcut first-keystroke="f3" />
    <mouse-shortcut keystroke="control button1" />
    <mouse-shortcut keystroke="meta button1" />
  </action>
  <action id="HippieCompletion" />
  <action id="ParameterInfo">
    <keyboard-shortcut first-keystroke="alt q" />
  </action>
  <action id="ShowIntentionActions">
    <keyboard-shortcut first-keystroke="alt enter" />
    <keyboard-shortcut first-keystroke="ctrl 1" />
  </action>
  <action id="Synchronize">
    <keyboard-shortcut first-keystroke="shift f5" />
  </action>
</keymap>