<code_scheme name="Default" version="173">
  <option name="AUTODETECT_INDENTS" value="false" />
  <Objective-C>
    <option name="INDENT_NAMESPACE_MEMBERS" value="0" />
    <option name="INDENT_INSIDE_CODE_BLOCK" value="8" />
    <option name="SPACE_BEFORE_POINTER_IN_DECLARATION" value="false" />
    <option name="SPACE_AFTER_POINTER_IN_DECLARATION" value="true" />
    <option name="SPACE_BEFORE_REFERENCE_IN_DECLARATION" value="false" />
    <option name="SPACE_AFTER_REFERENCE_IN_DECLARATION" value="true" />
  </Objective-C>
  <codeStyleSettings language="ObjectiveC">
    <option name="SPACE_AROUND_LAMBDA_ARROW" value="false" />
    <indentOptions>
      <option name="LABEL_INDENT_SIZE" value="4" />
      <option name="LABEL_INDENT_ABSOLUTE" value="true" />
    </indentOptions>
  </codeStyleSettings>
</code_scheme>