<application>
  <component name="libraryTable">
    <library name="Bundled Protobuf Distribution">
      <CLASSES />
      <SOURCES>
        <root url="jar://$APPLICATION_PLUGINS_DIR$/protobuf-jetbrains-plugin/lib/protobuf-java-3.6.1-sources.jar!/" />
      </SOURCES>
    </library>
    <library name="Python 2.7.10 (/System/Library/Frameworks/Python.framework/Versions/2.7/bin/python2.7) interpreter library">
      <CLASSES>
        <root url="file:///Library/Python/2.7/site-packages/pip-9.0.1-py2.7.egg" />
        <root url="file:///System/Library/Frameworks/Python.framework/Versions/2.7/lib/python2.7" />
        <root url="file:///System/Library/Frameworks/Python.framework/Versions/2.7/lib/python2.7/plat-darwin" />
        <root url="file:///System/Library/Frameworks/Python.framework/Versions/2.7/lib/python2.7/plat-mac" />
        <root url="file:///System/Library/Frameworks/Python.framework/Versions/2.7/lib/python2.7/plat-mac/lib-scriptpackages" />
        <root url="file:///System/Library/Frameworks/Python.framework/Versions/2.7/lib/python2.7/lib-tk" />
        <root url="file:///System/Library/Frameworks/Python.framework/Versions/2.7/lib/python2.7/lib-dynload" />
        <root url="file:///Library/Python/2.7/site-packages" />
        <root url="file:///System/Library/Frameworks/Python.framework/Versions/2.7/Extras/lib/python" />
        <root url="file:///System/Library/Frameworks/Python.framework/Versions/2.7/Extras/lib/python/PyObjC" />
        <root url="file:///usr/local/aerospike/lib/python" />
        <root url="file://$USER_HOME$/Library/Caches/CLion2017.2/python_stubs/-2125986627" />
        <root url="file://$APPLICATION_HOME_DIR$/plugins/python/helpers/python-skeletons" />
        <root url="file://$APPLICATION_HOME_DIR$/plugins/python/helpers/typeshed/stdlib/2" />
        <root url="file://$APPLICATION_HOME_DIR$/plugins/python/helpers/typeshed/stdlib/2and3" />
        <root url="file://$APPLICATION_HOME_DIR$/plugins/python/helpers/typeshed/third_party/2" />
        <root url="file://$APPLICATION_HOME_DIR$/plugins/python/helpers/typeshed/third_party/2and3" />
      </CLASSES>
      <SOURCES>
        <root url="file:///Library/Python/2.7/site-packages/pip-9.0.1-py2.7.egg" />
        <root url="file:///System/Library/Frameworks/Python.framework/Versions/2.7/lib/python2.7" />
        <root url="file:///System/Library/Frameworks/Python.framework/Versions/2.7/lib/python2.7/plat-darwin" />
        <root url="file:///System/Library/Frameworks/Python.framework/Versions/2.7/lib/python2.7/plat-mac" />
        <root url="file:///System/Library/Frameworks/Python.framework/Versions/2.7/lib/python2.7/plat-mac/lib-scriptpackages" />
        <root url="file:///System/Library/Frameworks/Python.framework/Versions/2.7/lib/python2.7/lib-tk" />
        <root url="file:///System/Library/Frameworks/Python.framework/Versions/2.7/lib/python2.7/lib-dynload" />
        <root url="file:///Library/Python/2.7/site-packages" />
        <root url="file:///System/Library/Frameworks/Python.framework/Versions/2.7/Extras/lib/python" />
        <root url="file:///System/Library/Frameworks/Python.framework/Versions/2.7/Extras/lib/python/PyObjC" />
        <root url="file:///usr/local/aerospike/lib/python" />
        <root url="file://$USER_HOME$/Library/Caches/CLion2017.2/python_stubs/-2125986627" />
        <root url="file://$APPLICATION_HOME_DIR$/plugins/python/helpers/python-skeletons" />
        <root url="file://$APPLICATION_HOME_DIR$/plugins/python/helpers/typeshed/stdlib/2" />
        <root url="file://$APPLICATION_HOME_DIR$/plugins/python/helpers/typeshed/stdlib/2and3" />
        <root url="file://$APPLICATION_HOME_DIR$/plugins/python/helpers/typeshed/third_party/2" />
        <root url="file://$APPLICATION_HOME_DIR$/plugins/python/helpers/typeshed/third_party/2and3" />
      </SOURCES>
    </library>
    <library name="Python 2.7.10 (/System/Library/Frameworks/Python.framework/Versions/2.7/bin/python2.7) interpreter library">
      <CLASSES>
        <root url="file:///Library/Python/2.7/site-packages/pip-9.0.1-py2.7.egg" />
        <root url="file:///System/Library/Frameworks/Python.framework/Versions/2.7/lib/python2.7" />
        <root url="file:///System/Library/Frameworks/Python.framework/Versions/2.7/lib/python2.7/plat-darwin" />
        <root url="file:///System/Library/Frameworks/Python.framework/Versions/2.7/lib/python2.7/plat-mac" />
        <root url="file:///System/Library/Frameworks/Python.framework/Versions/2.7/lib/python2.7/plat-mac/lib-scriptpackages" />
        <root url="file:///System/Library/Frameworks/Python.framework/Versions/2.7/lib/python2.7/lib-tk" />
        <root url="file:///System/Library/Frameworks/Python.framework/Versions/2.7/lib/python2.7/lib-dynload" />
        <root url="file:///Library/Python/2.7/site-packages" />
        <root url="file:///System/Library/Frameworks/Python.framework/Versions/2.7/Extras/lib/python" />
        <root url="file:///System/Library/Frameworks/Python.framework/Versions/2.7/Extras/lib/python/PyObjC" />
        <root url="file://$USER_HOME$/Library/Caches/CLion2017.2/python_stubs/-2125986627" />
        <root url="file://$APPLICATION_HOME_DIR$/plugins/python/helpers/python-skeletons" />
        <root url="file://$APPLICATION_HOME_DIR$/plugins/python/helpers/typeshed/stdlib/2" />
        <root url="file://$APPLICATION_HOME_DIR$/plugins/python/helpers/typeshed/stdlib/2and3" />
        <root url="file://$APPLICATION_HOME_DIR$/plugins/python/helpers/typeshed/third_party/2" />
        <root url="file://$APPLICATION_HOME_DIR$/plugins/python/helpers/typeshed/third_party/2and3" />
      </CLASSES>
      <SOURCES>
        <root url="file:///Library/Python/2.7/site-packages/pip-9.0.1-py2.7.egg" />
        <root url="file:///System/Library/Frameworks/Python.framework/Versions/2.7/lib/python2.7" />
        <root url="file:///System/Library/Frameworks/Python.framework/Versions/2.7/lib/python2.7/plat-darwin" />
        <root url="file:///System/Library/Frameworks/Python.framework/Versions/2.7/lib/python2.7/plat-mac" />
        <root url="file:///System/Library/Frameworks/Python.framework/Versions/2.7/lib/python2.7/plat-mac/lib-scriptpackages" />
        <root url="file:///System/Library/Frameworks/Python.framework/Versions/2.7/lib/python2.7/lib-tk" />
        <root url="file:///System/Library/Frameworks/Python.framework/Versions/2.7/lib/python2.7/lib-dynload" />
        <root url="file:///Library/Python/2.7/site-packages" />
        <root url="file:///System/Library/Frameworks/Python.framework/Versions/2.7/Extras/lib/python" />
        <root url="file:///System/Library/Frameworks/Python.framework/Versions/2.7/Extras/lib/python/PyObjC" />
        <root url="file://$USER_HOME$/Library/Caches/CLion2017.2/python_stubs/-2125986627" />
        <root url="file://$APPLICATION_HOME_DIR$/plugins/python/helpers/python-skeletons" />
        <root url="file://$APPLICATION_HOME_DIR$/plugins/python/helpers/typeshed/stdlib/2" />
        <root url="file://$APPLICATION_HOME_DIR$/plugins/python/helpers/typeshed/stdlib/2and3" />
        <root url="file://$APPLICATION_HOME_DIR$/plugins/python/helpers/typeshed/third_party/2" />
        <root url="file://$APPLICATION_HOME_DIR$/plugins/python/helpers/typeshed/third_party/2and3" />
      </SOURCES>
    </library>
    <library name="Python 3.6.4 (/Library/Frameworks/Python.framework/Versions/3.6/bin/python3.6) interpreter library">
      <CLASSES>
        <root url="file:///Library/Frameworks/Python.framework/Versions/3.6/lib/python3.6" />
        <root url="file:///Library/Frameworks/Python.framework/Versions/3.6/lib/python3.6/lib-dynload" />
        <root url="file:///Library/Frameworks/Python.framework/Versions/3.6/lib/python3.6/site-packages" />
        <root url="file://$USER_HOME$/Library/Caches/CLion2017.2/python_stubs/-2010535109" />
        <root url="file://$APPLICATION_HOME_DIR$/plugins/python/helpers/python-skeletons" />
        <root url="file://$APPLICATION_HOME_DIR$/plugins/python/helpers/typeshed/stdlib/3.6" />
        <root url="file://$APPLICATION_HOME_DIR$/plugins/python/helpers/typeshed/stdlib/3.5" />
        <root url="file://$APPLICATION_HOME_DIR$/plugins/python/helpers/typeshed/stdlib/3.4" />
        <root url="file://$APPLICATION_HOME_DIR$/plugins/python/helpers/typeshed/stdlib/3.3" />
        <root url="file://$APPLICATION_HOME_DIR$/plugins/python/helpers/typeshed/stdlib/3" />
        <root url="file://$APPLICATION_HOME_DIR$/plugins/python/helpers/typeshed/stdlib/2and3" />
        <root url="file://$APPLICATION_HOME_DIR$/plugins/python/helpers/typeshed/third_party/3" />
        <root url="file://$APPLICATION_HOME_DIR$/plugins/python/helpers/typeshed/third_party/2and3" />
      </CLASSES>
      <SOURCES>
        <root url="file:///Library/Frameworks/Python.framework/Versions/3.6/lib/python3.6" />
        <root url="file:///Library/Frameworks/Python.framework/Versions/3.6/lib/python3.6/lib-dynload" />
        <root url="file:///Library/Frameworks/Python.framework/Versions/3.6/lib/python3.6/site-packages" />
        <root url="file://$USER_HOME$/Library/Caches/CLion2017.2/python_stubs/-2010535109" />
        <root url="file://$APPLICATION_HOME_DIR$/plugins/python/helpers/python-skeletons" />
        <root url="file://$APPLICATION_HOME_DIR$/plugins/python/helpers/typeshed/stdlib/3.6" />
        <root url="file://$APPLICATION_HOME_DIR$/plugins/python/helpers/typeshed/stdlib/3.5" />
        <root url="file://$APPLICATION_HOME_DIR$/plugins/python/helpers/typeshed/stdlib/3.4" />
        <root url="file://$APPLICATION_HOME_DIR$/plugins/python/helpers/typeshed/stdlib/3.3" />
        <root url="file://$APPLICATION_HOME_DIR$/plugins/python/helpers/typeshed/stdlib/3" />
        <root url="file://$APPLICATION_HOME_DIR$/plugins/python/helpers/typeshed/stdlib/2and3" />
        <root url="file://$APPLICATION_HOME_DIR$/plugins/python/helpers/typeshed/third_party/3" />
        <root url="file://$APPLICATION_HOME_DIR$/plugins/python/helpers/typeshed/third_party/2and3" />
      </SOURCES>
    </library>
  </component>
</application>