<application>
  <component name="FileTypeManager" version="17">
    <ignoreFiles list="*.hprof;*.pyc;*.pyo;*.rbc;*.yarb;*~;.*;CVS;__pycache__;_svn;build;output;vssver.scc;vssver2.scc;" />
    <extensionMap>
      <mapping pattern="tt" type="PLAIN_TEXT" />
      <mapping pattern="COMAKE" type="PLAIN_TEXT" />
      <mapping pattern="operation_list_bigssd_cold_start" type="PLAIN_TEXT" />
      <mapping pattern="operation_list_cold" type="PLAIN_TEXT" />
      <mapping pattern="BCLOUD" type="PLAIN_TEXT" />
      <mapping pattern="DISCLAIMER-WIP" type="PLAIN_TEXT" />
      <mapping pattern="topo" type="PLAIN_TEXT" />
      <mapping pattern="Makefile" type="PLAIN_TEXT" />
      <mapping pattern="README" type="PLAIN_TEXT" />
      <mapping pattern="conf_diff" type="PLAIN_TEXT" />
      <mapping pattern="BCLOUD_hk" type="PLAIN_TEXT" />
      <mapping pattern="CustomerApi" type="PLAIN_TEXT" />
      <mapping pattern="bs_control" type="PLAIN_TEXT" />
      <mapping pattern="rs_control" type="PLAIN_TEXT" />
      <mapping pattern="test" type="PLAIN_TEXT" />
      <mapping ext="bcloud" type="PLAIN_TEXT" />
      <mapping ext="aql" type="PLAIN_TEXT" />
      <mapping ext="nw" type="PLAIN_TEXT" />
      <mapping ext="main" type="PLAIN_TEXT" />
      <mapping ext="conf" type="PLAIN_TEXT" />
      <mapping ext="test" type="PLAIN_TEXT" />
      <mapping ext="w" type="PLAIN_TEXT" />
      <mapping ext="bak2" type="PLAIN_TEXT" />
      <mapping ext="func" type="PLAIN_TEXT" />
      <mapping ext="merged" type="PLAIN_TEXT" />
      <mapping ext="value" type="PLAIN_TEXT" />
      <mapping ext="xdict" type="PLAIN_TEXT" />
      <mapping ext="template" type="PLAIN_TEXT" />
      <mapping ext="bak" type="PLAIN_TEXT" />
      <mapping ext="inc" type="PLAIN_TEXT" />
      <mapping pattern="*.js.flow" type="Flow" />
    </extensionMap>
  </component>
</application>