<application>
  <component name="FindSettings">
    <option name="customScope" value="All Places" />
    <option name="defaultScopeName" value="All Places" />
    <option name="wholeWordsOnly" value="true" />
    <option name="WHOLE_WORDS_ONLY" value="true" />
    <option name="SEARCH_SCOPE" value="All Places" />
    <mask>*.c++</mask>
    <mask>*.icc</mask>
    <mask>*.ipp</mask>
    <mask>*.h++</mask>
    <mask>*.i</mask>
    <mask>*.m</mask>
    <mask>*.cxx</mask>
    <mask>*.hh</mask>
    <mask>*.hp</mask>
    <mask>*.hxx</mask>
    <mask>*.ii</mask>
    <mask>*.hpp</mask>
    <mask>*.tcc</mask>
    <mask>*.mm</mask>
    <mask>*.cc</mask>
    <mask>*.th*</mask>
    <mask>*.h*</mask>
    <mask>*.py*</mask>
    <mask>*test.*</mask>
    <mask>*.cpp*</mask>
    <mask>*.sh*</mask>
    <mask>*.c</mask>
    <mask>*.c*</mask>
    <mask>*.*</mask>
    <mask>*.thrift</mask>
    <mask>*.h</mask>
    <mask>*.proto</mask>
    <mask>*.thift</mask>
    <mask>test.cpp</mask>
    <mask>*.cpp</mask>
  </component>
</application>