<application>
  <component name="ProjectManager">
    <defaultProject>
      <component name="CMakeSettings">
        <configurations>
          <configuration PROFILE_NAME="Debug" CONFIG_NAME="Debug" />
        </configurations>
      </component>
      <component name="Encoding">
        <file url="PROJECT" charset="GBK" />
      </component>
      <component name="ProjectInspectionProfilesVisibleTreeState">
        <entry key="Project Default">
          <profile-state>
            <expanded-state>
              <State>
                <id />
              </State>
              <State>
                <id>BashSupport</id>
              </State>
              <State>
                <id>C/C++</id>
              </State>
              <State>
                <id>CSS</id>
              </State>
              <State>
                <id>Code style issuesJavaScript</id>
              </State>
              <State>
                <id>Control flow issuesJavaScript</id>
              </State>
              <State>
                <id>Data flow analysisC/C++</id>
              </State>
              <State>
                <id>Data flow issuesJavaScript</id>
              </State>
              <State>
                <id>ECMAScript 6 migration aidsJavaScript</id>
              </State>
              <State>
                <id>Error handlingJavaScript</id>
              </State>
              <State>
                <id>General</id>
              </State>
              <State>
                <id>Internationalization issues</id>
              </State>
              <State>
                <id>Invalid elementsCSS</id>
              </State>
              <State>
                <id>JavaScript</id>
              </State>
              <State>
                <id>JavaScript validity issuesJavaScript</id>
              </State>
              <State>
                <id>Potentially confusing code constructsJavaScript</id>
              </State>
              <State>
                <id>Python</id>
              </State>
              <State>
                <id>RegExp</id>
              </State>
              <State>
                <id>XML</id>
              </State>
            </expanded-state>
            <selected-state>
              <State>
                <id>BashSupport</id>
              </State>
            </selected-state>
          </profile-state>
        </entry>
      </component>
      <component name="PropertiesComponent">
        <property name="settings.editor.selected.configurable" value="com.jetbrains.python.configuration.PyActiveSdkModuleConfigurable" />
      </component>
      <component name="ThriftCompiler">
        <compilers />
      </component>
      <component name="VcsContentAnnotationSettings">
        <option name="myLimit" value="2678400000" />
      </component>
      <component name="masterDetails">
        <states>
          <state key="ScopeChooserConfigurable.UI">
            <settings>
              <splitter-proportions>
                <option name="proportions">
                  <list>
                    <option value="0.2" />
                  </list>
                </option>
              </splitter-proportions>
            </settings>
          </state>
        </states>
      </component>
    </defaultProject>
  </component>
</application>