<application>
  <component name="AppStorage">
    <histories>
      <item value="// TODO: can we remove some of this code duplication? Templated allocator?" />
      <item value="// The total size of all data represented in this tuple (tuple data and referenced // string and collection data)." />
      <item value="// A tuple is stored as a contiguous sequence of bytes containing a fixed number // of fixed-size slots. The slots are arranged in order of increasing byte length; // the tuple might contain padding between slots in order to align them according // to their type." />
      <item value="// allocate in the same pool and then copy all non-null string slots" />
      <item value="// The contents of a tuple: // 1) a number of bytes holding a bitvector of null indicators // 2) bool slots // 3) tinyint slots // 4) smallint slots // 5) int slots // 6) float slots // 7) bigint slots // 8) double slots // 9) string slots" />
      <item value="// Reference to a single slot of a tuple. // We inline this here in order for Expr::get_value() to be able // to reference SlotRef::compute_fn() directly. // Splitting it up into separate .h files would require circular #includes." />
      <item value="// = 252: the next two byte is length" />
      <item value="reserve" />
      <item value="// this function reserved size, change the pos step size, return old pos // Becareful when use the returned pointer." />
      <item value="// TODO(zhaochun): add signed/unsigned support" />
      <item value="// 9 for length pack max, 1 for sign, other for digits" />
      <item value="// Return the number of bytes necessary to store the given number of bits." />
      <item value="/// Compute memory usage of a bitmap, not including the Bitmap object itself." />
      <item value="// Absorb all objects from src pool // Note: This method is not thread safe" />
      <item value="find limit exceeded tracker" />
      <item value="/// Pool backing fn_contexts_. Counts against the runtime state's UDF mem tracker." />
      <item value="/// MemPool for allocating data structures used by expression evaluators in this node. /// Created in Prepare()." />
      <item value="define" />
      <item value="// Make sure create_tablet operation is idempotent: // return true if tablet with same tablet_id and schema_hash exist, // false if tablet with same tablet_id but different schema_hash exist // during alter, if the tablet(same tabletid and schema hash) already exist // then just return true, if tablet id with different schema hash exist, wait report // task to delete the tablet" />
      <item value="// Make sure create_tablet operation is idempotent: // return true if tablet with same tablet_id and schema_hash exist, // false if tablet with same tablet_id but different schema_hash exist" />
      <item value="// if the CreateTabletReq has base_tablet_id then it is a alter tablet request" />
      <item value="// Get all available stores, use ref_root_path if the caller specified" />
      <item value="// Static wrappers around Get*Val() functions. We'd like to be able to call these from // directly from native code as well as from generated IR functions." />
      <item value="// A flattened representation of a tree of Expr nodes, obtained by depth-first // traversal." />
      <item value="// Updates string_val ptr / len pair to reflect any changes in // string_data. If not called after mutating string_data, // string_val-&gt;ptr may point at garbage." />
      <item value="// Cast arg_val_ptr from i8* to AnyVal pointer type" />
      <item value="// Store the result of 'child_fn' in varargs_buffer + varargs_buffer_offset" />
      <item value="// Returns the type information for the arg_idx-th argument (0-indexed, not including // the FunctionContext* argument). Returns NULL if arg_idx is invalid." />
      <item value="/// 'tracker' tracks the amount of memory allocated by this pool. Must not be NULL." />
      <item value="/// Deletes all allocated chunks. free_all() or acquire_data() must be called for /// each mem pool" />
      <item value="/// Returns the byte alignment of *Val for type t." />
      <item value="// Binary predicates that can be pushed to the external data source and // are of the form &lt;col&gt; &lt;op&gt; &lt;val&gt;. Sources can choose to accept or reject // predicates via the return value of prepare(), see TPrepareResult. // The column and the value are guaranteed to be type compatible in Impala, // but they are not necessarily the same type, so the data source // implementation may need to do an implicit cast." />
      <item value="normalize in predicate" />
      <item value="// define i16 @CompoundPredicate(%&quot;class.impala::ExprContext&quot;* %context, // %&quot;class.impala::TupleRow&quot;* %row) #20 {" />
      <item value="Compound Predicate" />
      <item value="disjunction" />
      <item value="// If this expr is constant, this will store and cache the value generated by // get_const_val()." />
      <item value="// Location information for null indicator bit for particular slot. // For non-nullable slots, the byte_offset will be 0 and the bit_mask will be 0. // This allows us to do the NullIndicatorOffset operations (tuple + byte_offset &amp;/| // bit_mask) regardless of whether the slot is nullable or not. // This is more efficient than branching to check if the slot is non-nullable." />
      <item value="Null Indicator Offset" />
      <item value="// For non-nullable slots, the byte_offset will be 0 and the bit_mask will be 0." />
      <item value="// A flattened representation of a tree of column types obtained by depth-first // traversal. Complex types such as map, array and struct have child types corresponding // to the map key/value, array item type, and struct fields, respectively. // For scalar types the list contains only a single node. // Note: We cannot rename this to TType because it conflicts with Thrift's internal TType // and the generated Python thrift files will not work. // Note: TTypeDesc in impala is TColumnType, but we already use TColumnType, so we name this // to TTypeDesc. In future, we merge these two to one" />
      <item value="// A flattened representation of a tree of column types obtained by depth-first // traversal. Complex types such as map, array and struct have child types corresponding" />
      <item value="// if conjunct is constant, compute direct and set eos = true" />
      <item value="// TODO: change ptr to an offset relative to a contiguous memory block, // so that we can send row batches between nodes without having to swizzle // pointers // NOTE: This struct should keep the same memory layout with Slice, otherwise // it will lead to BE crash. // TODO(zc): we should unify this struct with Slice some day." />
      <item value="// TODO(zc): we should unify this struct with Slice some day." />
      <item value="/// Expr for evaluating a pre-compiled native or LLVM IR function that uses the UDF /// interface (i.e. a scalar function). This class overrides GetCodegendComputeFn() to /// return a function that calls any child exprs and passes the results as arguments to the /// specified scalar function. If codegen is enabled, ScalarFnCall's Get*Val() compute /// functions are wrappers around this codegen'd function." />
      <item value="Predicate" />
      <item value="/// AggFn contains the aggregation operations, pointers to the UDAF interface functions /// implementing various states of aggregation and the descriptors for the intermediate /// and output values. Please see udf/udf.h for details of the UDAF interfaces." />
      <item value="null indicator offset" />
      <item value="// Returns the column index of this slot, including partition keys. // (e.g., col_pos - num_partition_keys = the table column this slot corresponds to)" />
    </histories>
    <option name="languageScores">
      <map>
        <entry key="CHINESE" value="55" />
        <entry key="ENGLISH" value="56" />
      </map>
    </option>
  </component>
</application>