<application>
  <component name="FileTypeManager" version="17">
    <extensionMap>
      <mapping pattern="copytest" type="PLAIN_TEXT" />
      <mapping pattern="phy-memfile" type="PLAIN_TEXT" />
      <mapping pattern="ssdfile" type="PLAIN_TEXT" />
      <mapping pattern="gz" type="PLAIN_TEXT" />
      <mapping pattern="phy-ssdfile" type="PLAIN_TEXT" />
      <mapping pattern="._.DS_Store" type="PLAIN_TEXT" />
      <mapping pattern="test" type="PLAIN_TEXT" />
      <mapping pattern="thunder  #éè¦ä¿®æ¹æå¯¹åºçé¡¹ç®å" type="PLAIN_TEXT" />
      <mapping pattern="diskFile" type="PLAIN_TEXT" />
      <mapping pattern="data" type="PLAIN_TEXT" />
      <mapping pattern="mvtest" type="PLAIN_TEXT" />
      <mapping ext="value" type="PLAIN_TEXT" />
      <mapping ext="index" type="PLAIN_TEXT" />
      <mapping ext="md5" type="PLAIN_TEXT" />
    </extensionMap>
  </component>
</application>