<application>
  <component name="FileTypeManager" version="19">
    <extensionMap>
      <mapping pattern="data" type="PLAIN_TEXT" />
      <mapping pattern="thunder  #éè¦ä¿®æ¹æå¯¹åºçé¡¹ç®å" type="PLAIN_TEXT" />
      <mapping pattern="mvtest" type="PLAIN_TEXT" />
      <mapping pattern="._.DS_Store" type="PLAIN_TEXT" />
      <mapping pattern="phy-ssdfile" type="PLAIN_TEXT" />
      <mapping pattern="asdf" type="PLAIN_TEXT" />
      <mapping pattern="1_new_plain" type="PLAIN_TEXT" />
      <mapping pattern="dump-plan" type="PLAIN_TEXT" />
      <mapping pattern="diskFile" type="PLAIN_TEXT" />
      <mapping pattern="test" type="PLAIN_TEXT" />
      <mapping pattern="exists_subquery" type="PLAIN_TEXT" />
      <mapping pattern="1_new_data" type="PLAIN_TEXT" />
      <mapping pattern="insert_test_object" type="PLAIN_TEXT" />
      <mapping pattern="1_new_profile" type="PLAIN_TEXT" />
      <mapping pattern="1_old_data" type="PLAIN_TEXT" />
      <mapping pattern="exprs" type="PLAIN_TEXT" />
      <mapping pattern="expr" type="PLAIN_TEXT" />
      <mapping pattern="ssdfile" type="PLAIN_TEXT" />
      <mapping pattern="copytest" type="PLAIN_TEXT" />
      <mapping pattern="phy-memfile" type="PLAIN_TEXT" />
      <mapping pattern="gz" type="PLAIN_TEXT" />
      <mapping pattern="README" type="PLAIN_TEXT" />
      <mapping pattern="xxx" type="PLAIN_TEXT" />
      <mapping pattern="time" type="PLAIN_TEXT" />
      <mapping ext="csv" type="PLAIN_TEXT" />
      <mapping ext="index" type="PLAIN_TEXT" />
      <mapping ext="db" type="PLAIN_TEXT" />
      <mapping ext="md5" type="PLAIN_TEXT" />
      <mapping ext="value" type="PLAIN_TEXT" />
      <mapping ext="orc" type="PLAIN_TEXT" />
      <mapping ext="debug" type="PLAIN_TEXT" />
      <removed_mapping ext="apk" approved="true" type="ARCHIVE" />
      <removed_mapping ext="csv" approved="true" type="CSV/TSV" />
      <removed_mapping ext="orc" approved="true" type="Orc" />
      <removed_mapping ext="psd" approved="true" type="Image" />
      <removed_mapping ext="thrift" approved="true" type="PLAIN_TEXT" />
    </extensionMap>
  </component>
</application>