<application>
  <component name="IgnoredPluginSuggestions">
    <option name="pluginIds">
      <list>
        <option value="Pythonid" />
        <option value="com.intellij.bigdatatools" />
        <option value="com.jetbrains.jax.ws" />
        <option value="com.intellij.spring" />
        <option value="com.intellij.beanValidation" />
        <option value="com.jetbrains.restWebServices" />
        <option value="com.intellij.bigdatatools.rfs" />
        <option value="com.intellij.bigdatatools.spark" />
      </list>
    </option>
  </component>
</application>