<application>
  <component name="KeymapFlagsStorage">
    <option name="keymapToDescriptor">
      <map>
        <entry key="GNOME 副本">
          <value>
            <list />
          </value>
        </entry>
        <entry key="GNOME 副本 适当重做">
          <value>
            <list />
          </value>
        </entry>
        <entry key="KDE 副本">
          <value>
            <list />
          </value>
        </entry>
      </map>
    </option>
  </component>
</application>