<application>
  <component name="Trusted.Paths">
    <option name="TRUSTED_PROJECT_PATHS">
      <map>
        <entry key="$USER_HOME$/documents/workspace/NiceSQL" value="true" />
        <entry key="$USER_HOME$/documents/workspace/celerdata-enterprise/docs" value="true" />
        <entry key="$USER_HOME$/documents/workspace/celerdata-enterprise/fe" value="true" />
        <entry key="$USER_HOME$/documents/workspace/doris-master/fe" value="true" />
        <entry key="$USER_HOME$/documents/workspace/leetcode" value="true" />
        <entry key="$USER_HOME$/documents/workspace/nicesql/NiceSQL" value="true" />
        <entry key="$USER_HOME$/documents/workspace/sqlancer" value="true" />
        <entry key="$USER_HOME$/documents/workspace/starrocks/docs" value="true" />
        <entry key="$USER_HOME$/documents/workspace/starrocks/fe" value="true" />
        <entry key="$USER_HOME$/documents/workspace/tpcds" value="true" />
      </map>
    </option>
  </component>
  <component name="Trusted.Paths.Settings">
    <option name="TRUSTED_PATHS">
      <list>
        <option value="$USER_HOME$/documents/workspace/starrocks" />
        <option value="$USER_HOME$/documents/workspace/doris-master" />
        <option value="$USER_HOME$/documents/workspace/celerdata-enterprise" />
        <option value="$USER_HOME$/documents/workspace" />
      </list>
    </option>
  </component>
</application>