<application>
  <component name="UISettings">
    <option name="compactTreeIndents" value="true" />
    <option name="CONSOLE_CYCLE_BUFFER_SIZE_KB" value="10240" />
    <option name="DISABLE_MNEMONICS" value="true" />
    <option name="FULL_PATHS_IN_TITLE_BAR" value="true" />
    <option name="MAX_LOOKUP_LIST_HEIGHT" value="19" />
    <option name="MAX_LOOKUP_WIDTH2" value="1069" />
    <option name="OVERRIDE_CONSOLE_CYCLE_BUFFER_SIZE" value="true" />
    <option name="UI_DENSITY" value="COMPACT" />
  </component>
</application>