<application>
  <component name="DimensionService">
    <location key="find.popup.0.0.3840.2160@144dpi" x="832" y="177" />
    <location key="find.popup.0.0.2560.1600@144dpi" x="555" y="170" />
    <size key="GridCell.Tab.0.left.0.0.3840.2160@144dpi" width="3740" height="590" />
    <size key="GridCell.Tab.0.center.0.0.3840.2160@144dpi" width="3740" height="590" />
    <size key="GridCell.Tab.0.right.0.0.3840.2160@144dpi" width="3740" height="590" />
    <size key="GridCell.Tab.0.bottom.0.0.3840.2160@144dpi" width="3740" height="590" />
    <size key="GridCell.Tab.1.left.0.0.3840.2160@144dpi" width="3740" height="1091" />
    <size key="GridCell.Tab.1.center.0.0.3840.2160@144dpi" width="3740" height="1091" />
    <size key="GridCell.Tab.1.right.0.0.3840.2160@144dpi" width="3740" height="1091" />
    <size key="GridCell.Tab.1.bottom.0.0.3840.2160@144dpi" width="3740" height="1091" />
    <size key="find.popup.0.0.3840.2160@144dpi" width="2323" height="1832" />
    <size key="GridCell.Tab.0.left.0.0.2560.1600@144dpi" width="2460" height="551" />
    <size key="GridCell.Tab.0.center.0.0.2560.1600@144dpi" width="2460" height="551" />
    <size key="GridCell.Tab.0.right.0.0.2560.1600@144dpi" width="2460" height="551" />
    <size key="GridCell.Tab.0.bottom.0.0.2560.1600@144dpi" width="2460" height="551" />
    <size key="find.popup.0.0.2560.1600@144dpi" width="1549" height="1322" />
    <size key="GridCell.Tab.0.left.3840.0.2560.1600@144dpi" width="3740" height="899" />
    <size key="GridCell.Tab.0.center.3840.0.2560.1600@144dpi" width="3740" height="899" />
    <size key="GridCell.Tab.0.right.3840.0.2560.1600@144dpi" width="3740" height="899" />
    <size key="GridCell.Tab.0.bottom.3840.0.2560.1600@144dpi" width="3740" height="899" />
    <size key="GridCell.Tab.1.left.3840.0.2560.1600@144dpi" width="3740" height="899" />
    <size key="GridCell.Tab.1.center.3840.0.2560.1600@144dpi" width="3740" height="899" />
    <size key="GridCell.Tab.1.right.3840.0.2560.1600@144dpi" width="3740" height="899" />
    <size key="GridCell.Tab.1.bottom.3840.0.2560.1600@144dpi" width="3740" height="899" />
  </component>
  <component name="WindowManager">
    <frame x="0" y="42" width="3840" height="2118" extendedState="6" />
  </component>
  <component name="WindowStateApplicationService">
    <state x="1597" y="719" width="636" height="786" key="FileChooserDialogImpl" timestamp="1739933051692">
      <screen x="0" y="0" width="3840" height="2160" />
    </state>
    <state x="1597" y="719" width="636" height="786" key="FileChooserDialogImpl/3840.0.2560.1600/0.0.3840.2160" timestamp="1739933051692" />
    <state width="926" height="282" key="ShowUsagesActions.dimensionServiceKey" timestamp="1748404656069">
      <screen x="3840" y="0" width="2560" height="1600" />
    </state>
    <state width="1045" height="201" key="ShowUsagesActions.dimensionServiceKey/0.42.2560.1558" timestamp="1747101071209" />
    <state width="926" height="282" key="ShowUsagesActions.dimensionServiceKey/3840.0.2560.1600/0.0.3840.2160" timestamp="1748404656069" />
    <state width="450" height="506" key="Vcs.CompareWithSelectedRevision.Popup" timestamp="1740994223454">
      <screen x="3840" y="0" width="2560" height="1600" />
    </state>
    <state width="450" height="506" key="Vcs.CompareWithSelectedRevision.Popup/3840.0.2560.1600/0.0.3840.2160" timestamp="1740994223454" />
    <state width="1074" height="797" key="manage.recent.projects.popup" timestamp="1747634419988">
      <screen x="3840" y="0" width="2560" height="1600" />
    </state>
    <state width="1074" height="797" key="manage.recent.projects.popup/3840.0.2560.1600/0.0.3840.2160" timestamp="1747634419988" />
  </component>
</application>