<application>
  <component name="AppStorage">
    <histories>
      <item value="// Set the subquery type based on the types of the exprs in the // result list of the associated SelectStmt." />
      <item value="// Only lookup fn_ if all subqueries have been rewritten. If the second child is a // subquery, it will have type ArrayType, which cannot be resolved to a builtin // function and will fail analysis." />
      <item value="// Create the ON clause from the extracted correlated predicates." />
      <item value="// disallow '*' and explicit GROUP BY (we can't group by '*', and if you need to // name all star-expanded cols in the group by clause you might as well do it // in the select list)" />
      <item value="// If set, child[vararg_start_idx] is the first vararg child." />
      <item value="// key columns and none/replace aggregate non-key columns support" />
      <item value="// Returns the string representation of the literal's value. Used when passing // literal values to the metastore rather than to Palo backends. This is similar to // the toSql() method, but does not perform any formatting of the string values. Neither // method unescapes string values." />
      <item value="// swapping sign does not change the type" />
      <item value="// TODO: we don't currently support varargs with no fixed types. i.e. fn(...)" />
      <item value="// Array of parameter types. empty array if this function does not have parameters." />
      <item value="* Add a cast expression above child. * If child is a literal expression, we attempt to * convert the value of the child directly, and not insert a cast node." />
      <item value="// Implicitly cast all the children to match the function if necessary" />
      <item value="create Partition With Indices" />
      <item value="// Useless, just for back compatible" />
      <item value="* MetaContext saved the current meta version. * And we need to create a thread local meta context for all threads which are about to reading meta." />
      <item value="// note: when increment meta version, should assign the latest version to VERSION_CURRENT" />
      <item value="* Any class that requires persistence should implement the Writable interface. * This interface requires only a uniform writable method &quot;write()&quot;, * but does not require a uniform read method. * The usage of writable interface implementation class is as follows:" />
      <item value="// TODO(zhaochun): Add Mysql Type to it's private field" />
      <item value="* Return type t such that values from both t1 and t2 can be assigned to t * without loss of precision. Returns INVALID_TYPE if there is no such type * or if any of t1 and t2 is INVALID_TYPE." />
      <item value="Immutable Set Multimap" />
      <item value="Create Replica Task" />
      <item value="* This rule replaces a constant Expr with its equivalent LiteralExpr by evaluating the * Expr in the BE. Exprs that are already LiteralExprs are not changed. * * TODO: Expressions fed into this rule are currently not required to be analyzed * in order to support constant folding in expressions that contain unresolved * references to select-list aliases (such expressions cannot be analyzed). * The cross-dependencies between rule transformations and analysis are vague at the * moment and make rule application overly complicated." />
      <item value="// If the targetType is NULL_TYPE then ignore the cast because NULL_TYPE // is compatible with all types and no cast is necessary." />
      <item value="// 8-byte pointer and 4-byte length indicator (12 bytes total). // Aligning to 8 bytes so 16 total." />
      <item value="compute Mem Layout" />
      <item value="avg Serialized Size" />
      <item value="// TODO: for computed slots, try to come up with stats estimates" />
      <item value="// we use OBJECT type represent BITMAP type in Backend" />
      <item value="compatibility Matrix" />
      <item value="// Unsupported scalar types." />
      <item value="create Variable Length Args" />
      <item value="non pred expr" />
      <item value="// The first fully specified args must be identical." />
      <item value="// Two signatures are indistinguishable if there is no way to tell them apart // when matching a particular instantiation. That is, their fixed arguments // match exactly and the remaining varargs have the same type. // e.g. fn(int, int, int) and fn(int...) // Argument types that are NULL are ignored when doing this comparison. // e.g. fn(NULL, int) is indistinguishable from fn(int, int)" />
      <item value="* mapping the real slot to virtual slots, grouping(_id) function will use a virtual slot of BIGINT to substitute * real slots, and then set real slot to realChildren" />
      <item value="// All of the registered user functions. The key is the user facing name (e.g. &quot;myUdf&quot;), // and the values are all the overloaded variants (e.g. myUdf(double), myUdf(string)) // This includes both UDFs and UDAs. Updates are made thread safe by synchronizing // on this map. Functions are sorted in a canonical order defined by // FunctionResolutionOrder." />
      <item value="* Internal representation of a scalar function." />
      <item value="// The name inside the binary at location_ that contains this particular // function. e.g. org.example.MyUdf.class." />
      <item value="* This rule replaces a constant Expr with its equivalent LiteralExpr by evaluating the * Expr in the BE. Exprs that are already LiteralExprs are not changed." />
      <item value="// X is a supertype of Y if Y.arg[i] can be strictly implicitly cast to X.arg[i]. If /// X has vargs, the remaining arguments of Y must be strictly implicitly castable // to the var arg type. The key property this provides is that X can be used in place // of Y. e.g. fn(int, double, string...) is a supertype of fn(tinyint, float, string, // string)" />
      <item value="Two signatures are identical" />
      <item value="// Two signatures are identical if the number of arguments and their types match // exactly and either both signatures are varargs or neither." />
      <item value="// Nonstrict supertypes broaden the definition of supertype to accept implicit casts // of arguments that may result in loss of precision - e.g. decimal to float." />
      <item value="// Used to drop UDF. User can drop function through name or name and arguments. // If X is matchable with Y, this will only check X's element is identical with Y's. // e.g. fn is matchable with fn(int), fn(float) and fn(int) is only matchable with fn(int)." />
      <item value="is Matchable" />
      <item value="is Indistinguishable" />
      <item value="supertype" />
      <item value="* Returns the function that best matches 'desc' that is registered with the * catalog using 'mode' to check for matching. If desc matches multiple * functions in the catalog, it will return the function with the strictest * matching mode. If multiple functions match at the same matching mode, * ties are broken by comparing argument types in lexical order. Argument * types are ordered by argument precision (e.g. double is preferred over * float) and then by alphabetical order of argument type name, to guarantee * deterministic results." />
      <item value="// Indicates whether this is a merge aggregation function that should use the merge // instead of the update symbol. This flag also affects the behavior of // resetAnalysisState() which is used during expr substitution." />
    </histories>
    <option name="languageScores">
      <map>
        <entry key="CHINESE" value="60" />
        <entry key="ENGLISH" value="61" />
        <entry key="SLOVAK" value="1" />
      </map>
    </option>
  </component>
  <component name="Settings">
    <option name="ignoreRegExp" value="" />
  </component>
</application>